tank_id,timestamp,fuel_level,temperature,pressure
TANK_001,2025-08-18T23:55:54.792631,7998.377982152868,20.266780735494645,103.13823832089047
TANK_002,2025-08-18T23:55:54.793776,11998.452900555012,23.808417388407342,101.5368839387282
TANK_003,2025-08-18T23:55:54.794771,6399.352233140144,21.537817017247185,103.737275445021
TANK_001,2025-08-19T00:10:54.792678,7996.667357821389,22.80847441865405,98.8818208525971
TANK_002,2025-08-19T00:10:54.793783,11996.629097734809,10.66774747056828,102.70714985200289
TANK_003,2025-08-19T00:10:54.794776,6399.120403107248,19.362990299479574,100.54628408671519
TANK_001,2025-08-19T00:25:54.792693,7995.118126323324,15.731059976444083,98.05214718232834
TANK_002,2025-08-19T00:25:54.793788,11995.05846519533,12.929901346827906,98.83600294436859
TANK_003,2025-08-19T00:25:54.794782,6398.591013270237,15.877185505004181,101.14878642697919
TANK_001,2025-08-19T00:40:54.792705,7994.063421386386,22.60746460296907,98.95430108025884
TANK_002,2025-08-19T00:40:54.793796,11994.603737834468,27.95388894230114,100.78370106764692
TANK_003,2025-08-19T00:40:54.794787,6397.999896452773,18.933312334666493,98.67916746561272
TANK_001,2025-08-19T00:55:54.792720,7992.068299776027,15.77907627779059,101.81487723524981
TANK_002,2025-08-19T00:55:54.793801,11992.964712716515,16.168084887587945,100.35296418678861
TANK_003,2025-08-19T00:55:54.794792,6397.011590146411,24.235683260318506,102.77674380067762
TANK_001,2025-08-19T01:10:54.792732,7990.462827303092,22.414524387655497,98.29713941544466
TANK_002,2025-08-19T01:10:54.793807,11992.964712716515,13.350991651175523,100.14001087377768
TANK_003,2025-08-19T01:10:54.794797,6396.272530899359,20.066448428010375,100.24298915521338
TANK_001,2025-08-19T01:25:54.792746,7988.699974970578,20.843758195044824,100.55852120030447
TANK_002,2025-08-19T01:25:54.793812,11991.48878895267,18.64547325035129,100.78325454648909
TANK_003,2025-08-19T01:25:54.794802,6395.564525881445,20.081008269630317,99.70864074396893
TANK_001,2025-08-19T01:40:54.792756,7987.0829019115345,22.13278338678989,100.98613849191521
TANK_002,2025-08-19T01:40:54.793817,11989.907505535473,22.04913064844775,101.94770628210482
TANK_003,2025-08-19T01:40:54.794807,6394.9420394004055,13.426171169195102,99.34278051188235
TANK_001,2025-08-19T01:55:54.792765,7985.469248585114,17.667915404886852,103.57695483933392
TANK_002,2025-08-19T01:55:54.793822,11989.355854640324,5.629896386041915,102.24835083028874
TANK_003,2025-08-19T01:55:54.794814,6393.42863086382,13.684332339433096,102.46900572592614
TANK_001,2025-08-19T02:10:54.792775,7984.033181962365,24.506347145360426,101.25827654892532
TANK_002,2025-08-19T02:10:54.793827,11987.133790363578,23.03935510327463,98.4979210326666
TANK_003,2025-08-19T02:10:54.794819,6391.757145697187,16.260305168798936,100.5280704689541
TANK_001,2025-08-19T02:25:54.792789,7983.168197134576,29.55231138225087,100.00063154407378
TANK_002,2025-08-19T02:25:54.793832,11985.811932662142,28.15930566950827,101.75490272710745
TANK_003,2025-08-19T02:25:54.794824,6391.47515781468,26.992561983041025,102.20251280169367
TANK_001,2025-08-19T02:40:54.792800,7981.4267984623575,17.738005833836567,101.95950903490295
TANK_002,2025-08-19T02:40:54.793837,11984.333862279496,12.908781210354743,100.00795059371653
TANK_003,2025-08-19T02:40:54.794829,6390.547233120904,30.128473051101466,100.18729255814175
TANK_001,2025-08-19T02:55:54.792812,7979.096146953535,15.81587625799672,101.79023879708065
TANK_002,2025-08-19T02:55:54.793842,11983.230497382869,22.73548348292212,101.81353039354683
TANK_003,2025-08-19T02:55:54.794834,6389.380523395486,14.158718535774817,99.93393052951208
TANK_001,2025-08-19T03:10:54.792819,7977.188645730831,6.783023077912864,98.87824607964593
TANK_002,2025-08-19T03:10:54.793847,11982.072805467738,23.466105916701636,99.58289194897097
TANK_003,2025-08-19T03:10:54.794839,6388.022066195553,13.55914785620954,100.68383239484082
TANK_001,2025-08-19T03:25:54.792824,7976.231234037077,15.036080522516777,99.99887383143331
TANK_002,2025-08-19T03:25:54.793852,11981.140681686204,12.71960244994991,99.90175211748381
TANK_003,2025-08-19T03:25:54.794844,6386.694659558301,24.332445373727804,99.56236755429737
TANK_001,2025-08-19T03:40:54.792829,7975.300920644167,20.663797067445405,99.78278902505214
TANK_002,2025-08-19T03:40:54.793857,11979.34353875988,18.03150090035472,103.13941492805488
TANK_003,2025-08-19T03:40:54.794849,6385.399204801707,19.210951019982797,102.57414841880977
TANK_001,2025-08-19T03:55:54.792835,7973.719190590771,21.598156958680775,104.08145838071907
TANK_002,2025-08-19T03:55:54.793861,11977.678189523669,13.847513855198905,98.07310842182456
TANK_003,2025-08-19T03:55:54.794854,6384.218056404163,25.91252752683769,102.27645086769985
TANK_001,2025-08-19T04:10:54.792843,7973.568786992709,22.36225004836001,104.40653537142879
TANK_002,2025-08-19T04:10:54.793867,11977.529262501648,21.096879834988147,98.49594814626116
TANK_003,2025-08-19T04:10:54.794859,6382.981023776864,38.36592635093194,99.55850516015195
TANK_001,2025-08-19T04:25:54.792848,7972.977996236553,17.900008372213595,99.23374384668391
TANK_002,2025-08-19T04:25:54.793871,11976.530891434171,23.831458163623395,100.71169885510751
TANK_003,2025-08-19T04:25:54.794864,6381.945780906745,27.32295037802625,102.86842136618131
TANK_001,2025-08-19T04:40:54.792853,7971.107817978376,19.476136762346734,103.37661732397129
TANK_002,2025-08-19T04:40:54.793876,11975.222535213998,15.549683739836777,100.34590008706756
TANK_003,2025-08-19T04:40:54.794869,6381.229891166415,23.812073497483514,102.59175688157744
TANK_001,2025-08-19T04:55:54.792858,7969.84818268385,22.60942494869209,99.19789095311707
TANK_002,2025-08-19T04:55:54.793881,11973.480062754923,17.708321085612727,101.20205332654763
TANK_003,2025-08-19T04:55:54.794874,6379.197552823094,27.447275468111364,98.4962324058718
TANK_001,2025-08-19T05:10:54.792864,7967.952667143806,12.970809648826341,103.14531060672574
TANK_002,2025-08-19T05:10:54.793887,11972.21477072563,14.862802674026796,99.5362814910382
TANK_003,2025-08-19T05:10:54.794879,6377.806717832811,12.930130345463981,99.38418537351271
TANK_001,2025-08-19T05:25:54.792869,7966.120497232384,22.424841805045492,100.4869139318562
TANK_002,2025-08-19T05:25:54.793892,11971.606747134472,18.211234976570214,105.599615628486
TANK_003,2025-08-19T05:25:54.794884,6376.492249614835,19.34638397928478,102.3275021387853
TANK_001,2025-08-19T05:40:54.792874,7966.120497232384,27.407250873238876,102.55793386905682
TANK_002,2025-08-19T05:40:54.793896,11970.554309493753,17.171374419701323,101.25572718829724
TANK_003,2025-08-19T05:40:54.794891,6374.726396581058,18.828917910947183,101.81109813426028
TANK_001,2025-08-19T05:55:54.792880,7964.902173792073,15.095940409007548,101.51662281278428
TANK_002,2025-08-19T05:55:54.793901,11968.625576288754,24.604780372167966,98.7416328102663
TANK_003,2025-08-19T05:55:54.794896,6374.726396581058,10.666903066756754,99.92723106150774
TANK_001,2025-08-19T06:10:54.792890,7964.053296077809,17.939728693729432,99.70545711463961
TANK_002,2025-08-19T06:10:54.793908,11966.625407772062,19.21184983194624,98.36461718262163
TANK_003,2025-08-19T06:10:54.794903,6373.174178951484,20.573065382759957,100.19539403772633
TANK_001,2025-08-19T06:25:54.792896,7962.59669811923,22.357439438832397,101.0701859757283
TANK_002,2025-08-19T06:25:54.793913,11965.11879034707,24.548838503159086,98.15710861309549
TANK_003,2025-08-19T06:25:54.794908,6371.5471891193965,23.452105792849324,101.19774450506459
TANK_001,2025-08-19T06:40:54.792902,7961.164225560937,27.289969414517262,99.65263094193845
TANK_002,2025-08-19T06:40:54.793918,11964.061579172936,15.131040551393214,102.72276248080901
TANK_003,2025-08-19T06:40:54.794913,6369.577677139267,22.230825664092116,103.2820632777059
TANK_001,2025-08-19T06:55:54.792908,7960.099011772791,25.172185617014037,101.72857897139602
TANK_002,2025-08-19T06:55:54.793923,11963.34839827278,18.953651629163318,100.86784689324234
TANK_003,2025-08-19T06:55:54.794918,6368.389395342691,29.882469519211593,102.31948561857959
TANK_001,2025-08-19T07:10:54.792913,7958.404719430343,19.50988276600366,103.13300372811699
TANK_002,2025-08-19T07:10:54.793928,11961.370394444426,15.01514851088394,101.67527241840452
TANK_003,2025-08-19T07:10:54.794923,6367.778392208636,22.79585286652148,98.43358693845013
TANK_001,2025-08-19T07:25:54.792918,7957.152693275686,31.71597660542823,103.6414766588397
TANK_002,2025-08-19T07:25:54.793935,11960.558282050937,20.66511194332446,98.09509116492295
TANK_003,2025-08-19T07:25:54.794928,6366.237021123292,22.056173815530638,102.01313531916986
TANK_001,2025-08-19T07:40:54.792923,7956.000720235551,27.126718159317004,101.17568915476458
TANK_002,2025-08-19T07:40:54.793940,11957.55601421203,14.653150436154078,101.32621258684699
TANK_003,2025-08-19T07:40:54.794933,6364.932813738155,17.11864811114069,102.62915607619064
TANK_001,2025-08-19T07:55:54.792928,7955.629819395652,19.15661944771556,96.98757251909936
TANK_002,2025-08-19T07:55:54.793945,11956.593628706247,22.117010787089885,103.36372672287214
TANK_003,2025-08-19T07:55:54.794938,6363.225320123987,23.85709615319625,103.43796442747069
TANK_001,2025-08-19T08:10:54.792934,7954.15053583873,19.31607311557802,101.7133845690771
TANK_002,2025-08-19T08:10:54.793950,11955.509178318038,14.215133589321127,100.70602521591671
TANK_003,2025-08-19T08:10:54.794943,6361.463299048216,20.175118717892662,103.32951916591611
TANK_001,2025-08-19T08:25:54.792939,7953.298257311182,18.929658102089775,102.35171967454315
TANK_002,2025-08-19T08:25:54.793955,11954.517189165193,17.001625291217227,98.82218752173694
TANK_003,2025-08-19T08:25:54.794948,6360.416466853385,21.611344630223396,101.39232682909075
TANK_001,2025-08-19T08:40:54.792944,7951.808316238694,21.025942580552357,98.27344948384915
TANK_002,2025-08-19T08:40:54.793960,11954.024829977008,11.32394237074089,103.07114450823865
TANK_003,2025-08-19T08:40:54.794953,6358.765922450874,9.644302198953296,101.51453728333863
TANK_001,2025-08-19T08:55:54.792949,7950.645840359527,18.425517383921385,104.2562710762991
TANK_002,2025-08-19T08:55:54.793965,11952.683513146345,12.407306160780458,101.81482554396823
TANK_003,2025-08-19T08:55:54.794958,6357.843363222311,19.23796467562658,98.96798895736981
TANK_001,2025-08-19T09:10:54.792953,7949.347128242743,19.37741293545352,105.69684952343084
TANK_002,2025-08-19T09:10:54.793970,11951.22793785827,15.585337270299442,100.48409265287509
TANK_003,2025-08-19T09:10:54.794963,6356.717048688806,13.811787768636618,103.89448311848345
TANK_001,2025-08-19T09:25:54.792958,7947.879790501519,26.352955351002894,100.85219016307506
TANK_002,2025-08-19T09:25:54.793975,11950.229999626074,14.006531913959261,99.48014706266517
TANK_003,2025-08-19T09:25:54.794968,6355.256814419325,11.866879818955756,99.81566235189037
TANK_001,2025-08-19T09:40:54.792963,7946.8894813603,24.88335790158358,99.3272461292545
TANK_002,2025-08-19T09:40:54.793980,11949.402841144563,26.56448483051043,100.85112966128659
TANK_003,2025-08-19T09:40:54.794973,6354.300732938013,17.519292466156486,103.78052379051638
TANK_001,2025-08-19T09:55:54.792968,7946.775912547525,14.763749049259738,100.70833959585939
TANK_002,2025-08-19T09:55:54.793985,11947.933792542724,22.010567871919644,101.08174529491188
TANK_003,2025-08-19T09:55:54.794977,6353.118198252039,24.065950023070393,100.19518054731479
TANK_001,2025-08-19T10:10:54.792974,7946.065010795643,20.96627403369218,105.69343381143639
TANK_002,2025-08-19T10:10:54.793990,11947.823151482286,21.377678779680384,99.74227770235731
TANK_003,2025-08-19T10:10:54.794983,6351.0487053292945,13.892706670991693,103.8817098543974
TANK_001,2025-08-19T10:25:54.792979,7945.064617389917,20.01431618587474,98.66211274810279
TANK_002,2025-08-19T10:25:54.793995,11946.013190106969,24.07226891408178,97.99472488051126
TANK_003,2025-08-19T10:25:54.794987,6349.455410123648,27.73197010678976,96.53965018275305
TANK_001,2025-08-19T10:40:54.792984,7943.672530444851,23.628094217158278,100.62674936820271
TANK_002,2025-08-19T10:40:54.794000,11944.075346536603,21.77923412703478,99.87945291672045
TANK_003,2025-08-19T10:40:54.794992,6348.845222829582,26.117047998961567,99.68257459882619
TANK_001,2025-08-19T10:55:54.792988,7941.745411726275,24.764742703548105,103.84128511732588
TANK_002,2025-08-19T10:55:54.794005,11942.862700896403,21.826860323232538,104.14202082062201
TANK_003,2025-08-19T10:55:54.794997,6347.190795851121,15.905234667462622,100.54716166809467
TANK_001,2025-08-19T11:10:54.792993,7940.451109673636,22.789625579688217,96.49228418250809
TANK_002,2025-08-19T11:10:54.794011,11941.063196929666,27.74652443662196,104.89640017231113
TANK_003,2025-08-19T11:10:54.795002,6346.61770872539,17.219208828599363,100.86440551044835
TANK_001,2025-08-19T11:25:54.792998,7939.277988497257,16.00090519975965,101.81641243790992
TANK_002,2025-08-19T11:25:54.794016,11939.775551913515,15.501475412844592,97.27757589314861
TANK_003,2025-08-19T11:25:54.795007,6346.548708977793,19.12882637299905,101.79369071111762
TANK_001,2025-08-19T11:40:54.793003,7937.775251354695,20.31847574772692,101.77475227700825
TANK_002,2025-08-19T11:40:54.794021,11938.52983333914,19.008183957510326,99.66085794834157
TANK_003,2025-08-19T11:40:54.795013,6346.080246541716,13.976699087914294,98.25326960205204
TANK_001,2025-08-19T11:55:54.793008,7936.788456426916,18.59818735060543,103.09152817668515
TANK_002,2025-08-19T11:55:54.794026,11936.970748922986,23.85836410306451,100.66714093027969
TANK_003,2025-08-19T11:55:54.795018,6345.091160874395,19.080207429403483,100.05530115578885
TANK_001,2025-08-19T12:10:54.793014,7935.871241432834,19.97437877555526,98.84889021885334
TANK_002,2025-08-19T12:10:54.794031,11935.969092332372,24.375404097881663,96.57601101022199
TANK_003,2025-08-19T12:10:54.795023,6344.800571655759,20.930533768206267,100.64877503565724
TANK_001,2025-08-19T12:25:54.793018,7934.781143805512,23.260619561667493,98.52623618685006
TANK_002,2025-08-19T12:25:54.794036,11934.154902962966,18.077658109380046,100.86541354277145
TANK_003,2025-08-19T12:25:54.795028,6343.006372991535,16.50434762129405,97.70206614553315
TANK_001,2025-08-19T12:40:54.793023,7934.27885573627,26.816770164569075,99.90631618510726
TANK_002,2025-08-19T12:40:54.794041,11933.454207205063,21.91475826203651,102.33842912416175
TANK_003,2025-08-19T12:40:54.795034,6343.006372991535,24.33531535297889,103.40983037025971
TANK_001,2025-08-19T12:55:54.793030,7933.462456728163,14.1386054302643,101.47343664323425
TANK_002,2025-08-19T12:55:54.794046,11932.993271473553,14.34453153286969,101.03583267030541
TANK_003,2025-08-19T12:55:54.795039,6342.5430717587615,19.640769526893884,99.74136274538866
TANK_001,2025-08-19T13:10:54.793036,7932.798989980295,14.944175151085497,101.92846492881736
TANK_002,2025-08-19T13:10:54.794051,11931.615070031232,25.239345288689478,104.13396922646845
TANK_003,2025-08-19T13:10:54.795045,6341.603514572628,22.972515160258,99.26420477692527
TANK_001,2025-08-19T13:25:54.793041,7931.302443406519,26.82832397342038,104.92079271550169
TANK_002,2025-08-19T13:25:54.794056,11929.80289797132,22.35182677613445,95.62493773775252
TANK_003,2025-08-19T13:25:54.795050,6340.30479408508,20.76195858495466,100.91603644547585
TANK_001,2025-08-19T13:40:54.793046,7930.432186613304,25.076948486945817,102.0609956075641
TANK_002,2025-08-19T13:40:54.794063,11928.704269226397,16.783757298698422,101.43522654878838
TANK_003,2025-08-19T13:40:54.795055,6338.812025618293,21.870411226261698,103.78515819571994
TANK_001,2025-08-19T13:55:54.793053,7929.274253211913,25.307057614159646,101.19827043034402
TANK_002,2025-08-19T13:55:54.794069,11928.23191353102,27.35520492819033,99.5843010363138
TANK_003,2025-08-19T13:55:54.795060,6336.822576063956,27.49336271377006,101.95777258774213
TANK_001,2025-08-19T14:10:54.793058,7927.90932358348,31.484968181731745,101.63563343609701
TANK_002,2025-08-19T14:10:54.794074,11926.279719278795,26.65957349338928,100.53131115325787
TANK_003,2025-08-19T14:10:54.795065,6336.235409585772,30.30801957917658,103.49084429881178
TANK_001,2025-08-19T14:25:54.793063,7927.055875397563,20.811952366004466,102.19442057114627
TANK_002,2025-08-19T14:25:54.794079,11924.944745287212,17.342331535612203,99.14766314365268
TANK_003,2025-08-19T14:25:54.795070,6335.375573613525,22.07847797137651,103.44713918751063
TANK_001,2025-08-19T14:40:54.793068,7925.477973230058,15.51507949028993,101.66510250144344
TANK_002,2025-08-19T14:40:54.794084,11924.126868340876,20.599128133713744,98.63795277717146
TANK_003,2025-08-19T14:40:54.795075,6333.723641267396,27.24368644106934,102.16585492050086
TANK_001,2025-08-19T14:55:54.793073,7923.788968470743,12.12736623251445,99.20113424056287
TANK_002,2025-08-19T14:55:54.794089,11922.715117659256,11.924382228032828,100.04006845543884
TANK_003,2025-08-19T14:55:54.795080,6332.764906199237,19.0757910990367,101.56530616279083
TANK_001,2025-08-19T15:10:54.793078,7922.402274702889,23.820443609613307,98.0990503997943
TANK_002,2025-08-19T15:10:54.794094,11921.114564097568,23.118662736271276,100.5903060235296
TANK_003,2025-08-19T15:10:54.795085,6331.610500575367,28.111778094728542,102.34757892973938
TANK_001,2025-08-19T15:25:54.793083,7921.334664276429,21.968885105514023,98.51219955276164
TANK_002,2025-08-19T15:25:54.794099,11920.1543628086,22.4360964956709,102.61030146108473
TANK_003,2025-08-19T15:25:54.795089,6330.138958156422,18.98920184386907,101.96218434098242
TANK_001,2025-08-19T15:40:54.793088,7920.66445500454,18.408954250185985,101.96591823106894
TANK_002,2025-08-19T15:40:54.794104,11919.016315471044,29.64842051432399,101.11950176822792
TANK_003,2025-08-19T15:40:54.795094,6329.193223247105,16.312780074985866,100.81478713391796
TANK_001,2025-08-19T15:55:54.793093,7919.647495348648,19.602935948059606,101.54861473623367
TANK_002,2025-08-19T15:55:54.794108,11917.972011596865,21.846899179272093,100.5506817570066
TANK_003,2025-08-19T15:55:54.795099,6328.35434487738,21.612326726583326,99.09292290380561
TANK_001,2025-08-19T16:10:54.793098,7918.502417240766,23.538159279180434,101.50751050073993
TANK_002,2025-08-19T16:10:54.794114,11917.508200632168,22.596730634110504,98.23396609617363
TANK_003,2025-08-19T16:10:54.795106,6327.03453547537,13.194354302322061,99.89673315453656
TANK_001,2025-08-19T16:25:54.793103,7916.673719431895,17.38284160395183,98.71306295527505
TANK_002,2025-08-19T16:25:54.794119,11915.985368880061,11.915984184672077,101.32984960748858
TANK_003,2025-08-19T16:25:54.795111,6325.359623808408,23.249319661733207,98.84667051002461
TANK_001,2025-08-19T16:40:54.793110,7914.870232478259,18.160673466160304,99.16214571810971
TANK_002,2025-08-19T16:40:54.794124,11915.23369002589,25.325824775253125,97.21235854578194
TANK_003,2025-08-19T16:40:54.795116,6324.622771526826,16.60396997528914,102.32620673142749
TANK_001,2025-08-19T16:55:54.793115,7913.583565003488,16.8532208459809,100.17509894015627
TANK_002,2025-08-19T16:55:54.794128,11913.795913698268,15.398599658804773,100.09528075248402
TANK_003,2025-08-19T16:55:54.795121,6323.725881012231,12.074412885193285,101.47466726292775
TANK_001,2025-08-19T17:10:54.793120,7912.693437048936,19.965246616909475,102.86173365533367
TANK_002,2025-08-19T17:10:54.794133,11911.885489512406,18.13801583306877,102.59709926169984
TANK_003,2025-08-19T17:10:54.795126,6322.58537425167,28.20117771969085,101.88190140193439
TANK_001,2025-08-19T17:25:54.793125,7910.526590452082,23.067899242740836,102.63411032734102
TANK_002,2025-08-19T17:25:54.794138,11910.883807531394,17.10694953477179,96.1558250598045
TANK_003,2025-08-19T17:25:54.795131,6321.5406631748,29.087109691738874,97.69259328531953
TANK_001,2025-08-19T17:40:54.793130,7909.110790555744,20.61741227402599,102.10171142835887
TANK_002,2025-08-19T17:40:54.794143,11909.334996387624,23.774415664354045,101.55536745062197
TANK_003,2025-08-19T17:40:54.795137,6321.4562066530325,27.69843247500868,97.45444504258839
TANK_001,2025-08-19T17:55:54.793135,7908.2755329635875,19.88564901842876,100.53749522892495
TANK_002,2025-08-19T17:55:54.794148,11907.493245560157,14.389152783626427,102.6674145223794
TANK_003,2025-08-19T17:55:54.795217,6320.194679303529,22.111792102347536,103.85222598958751
TANK_001,2025-08-19T18:10:54.793140,7906.539174054455,21.707959770585788,99.13794194794329
TANK_002,2025-08-19T18:10:54.794155,11905.080051217124,23.857185056544413,102.63235716456087
TANK_003,2025-08-19T18:10:54.795226,6319.294177577836,19.42817507025682,104.69828309125548
TANK_001,2025-08-19T18:25:54.793145,7905.086624368075,23.273320358149938,99.59854292631633
TANK_002,2025-08-19T18:25:54.794160,11903.737983742314,22.81344133722584,100.06391862798228
TANK_003,2025-08-19T18:25:54.795231,6318.504655957907,29.23476923506378,102.56478071379297
TANK_001,2025-08-19T18:40:54.793150,7904.438256570823,19.694329073655865,105.92989232158841
TANK_002,2025-08-19T18:40:54.794165,11902.409097843178,17.905065555084857,100.52729479256364
TANK_003,2025-08-19T18:40:54.795237,6317.112222330692,20.880565743545013,99.63659338678904
TANK_001,2025-08-19T18:55:54.793155,7903.188988754587,26.924749097053205,107.43881811282786
TANK_002,2025-08-19T18:55:54.794170,11900.778623544857,23.147995622991996,103.96748353020918
TANK_003,2025-08-19T18:55:54.795242,6315.315744487765,15.747445871397055,101.02868046012263
TANK_001,2025-08-19T19:10:54.793160,7902.878728236421,16.884096359097963,102.36051816100807
TANK_002,2025-08-19T19:10:54.794175,11898.393122890851,23.20327407732808,98.0772579763951
TANK_003,2025-08-19T19:10:54.795248,6314.390868848727,23.695675198407624,104.71928007494873
TANK_001,2025-08-19T19:25:54.793165,7902.049223036832,25.135258634446256,102.34884248884555
TANK_002,2025-08-19T19:25:54.794180,11897.603018347705,16.49433693193936,100.26439384297998
TANK_003,2025-08-19T19:25:54.795254,6312.658987503308,20.75464256421375,100.16844425540917
TANK_001,2025-08-19T19:40:54.793170,7900.565465526347,23.37291194467589,99.30409236483952
TANK_002,2025-08-19T19:40:54.794185,11895.763119100695,26.54124244720304,104.27881880498819
TANK_003,2025-08-19T19:40:54.795259,6310.572188846463,20.24770271034203,101.34801874966284
TANK_001,2025-08-19T19:55:54.793175,7899.126984238893,18.710449445226637,101.46670493504509
TANK_002,2025-08-19T19:55:54.794190,11894.417290454712,24.495536717891124,98.6966162521287
TANK_003,2025-08-19T19:55:54.795264,6308.930690771974,25.26472659789316,100.10951258296068
TANK_001,2025-08-19T20:10:54.793180,7898.046866857644,15.185083050593157,98.42477580779055
TANK_002,2025-08-19T20:10:54.794195,11893.09665340806,16.49665803530684,104.86130224328105
TANK_003,2025-08-19T20:10:54.795269,6307.392080842914,31.820581257136823,100.56888757819337
TANK_001,2025-08-19T20:25:54.793185,7896.6242349727745,23.43318941288371,101.0539091482706
TANK_002,2025-08-19T20:25:54.794200,11891.076309385284,14.642513301984888,101.84741909341803
TANK_003,2025-08-19T20:25:54.795274,6305.661308506568,15.361313745255842,95.98985530284362
TANK_001,2025-08-19T20:40:54.793190,7895.515792826198,18.981300727701015,100.1582416456797
TANK_002,2025-08-19T20:40:54.794205,11889.602722278203,15.835875187287192,97.15114271283258
TANK_003,2025-08-19T20:40:54.795279,6304.374814915222,20.659303442619244,104.13988236777972
TANK_001,2025-08-19T20:55:54.793195,7894.503340233402,29.17799567964856,101.26091371638317
TANK_002,2025-08-19T20:55:54.794210,11889.135532463179,28.275407715303494,101.07279291989339
TANK_003,2025-08-19T20:55:54.795284,6303.28706112189,24.586871374148203,103.7470061765945
TANK_001,2025-08-19T21:10:54.793200,7893.231104107186,17.30589386712012,102.00626013038749
TANK_002,2025-08-19T21:10:54.794215,11888.203030107774,21.801439076819122,101.03869093946639
TANK_003,2025-08-19T21:10:54.795289,6301.847860822058,21.37007302113642,102.7252778561469
TANK_001,2025-08-19T21:25:54.793205,7893.231104107186,12.147235621502205,100.78270573847135
TANK_002,2025-08-19T21:25:54.794220,11887.353039443626,29.45056672931843,99.73882593660363
TANK_003,2025-08-19T21:25:54.795294,6300.493911260477,19.81608636961835,102.23023284380962
TANK_001,2025-08-19T21:40:54.793210,7891.762765360286,10.263427362425011,100.81456804359713
TANK_002,2025-08-19T21:40:54.794226,11885.94261717649,17.48157360724934,102.08034976645959
TANK_003,2025-08-19T21:40:54.795299,6298.482339405205,21.4630768901766,98.61790929765266
TANK_001,2025-08-19T21:55:54.793215,7890.105920294291,20.865739181034755,102.10928007869985
TANK_002,2025-08-19T21:55:54.794231,11884.701589083257,18.84706784269101,99.66302360711771
TANK_003,2025-08-19T21:55:54.795304,6297.319509140733,18.970935912810283,103.91636299534316
TANK_001,2025-08-19T22:10:54.793220,7889.018810479928,17.856643388619386,102.73206365120646
TANK_002,2025-08-19T22:10:54.794236,11883.567798750793,15.080410613587823,99.84263676957139
TANK_003,2025-08-19T22:10:54.795309,6296.310549132615,13.806336267764419,100.9020712707581
TANK_001,2025-08-19T22:25:54.793225,7887.9110541086175,20.0089884409023,100.14846017859215
TANK_002,2025-08-19T22:25:54.794241,11882.230688074198,22.514083762521352,99.04206247903139
TANK_003,2025-08-19T22:25:54.795314,6294.966592401876,27.01142651124716,100.15601125863292
TANK_001,2025-08-19T22:40:54.793230,7886.92610611216,26.67932078301273,100.70420904205724
TANK_002,2025-08-19T22:40:54.794246,11880.711956292987,17.621316754401747,99.95605963111612
TANK_003,2025-08-19T22:40:54.795318,6293.464034899802,24.532722579597895,98.70599146708193
TANK_001,2025-08-19T22:55:54.793235,7884.995149196645,24.765119756413355,101.72616366572208
TANK_002,2025-08-19T22:55:54.794251,11879.083047823342,25.293950706723038,100.76008610390421
TANK_003,2025-08-19T22:55:54.795323,6292.60721761264,21.27257023362044,102.10165078608428
TANK_001,2025-08-19T23:10:54.793241,7883.937511631131,18.017536405438314,103.59052900401286
TANK_002,2025-08-19T23:10:54.794256,11877.522006173689,22.61049332704005,101.09576583515583
TANK_003,2025-08-19T23:10:54.795329,6290.159834968622,27.623888547380457,100.1976197773167
TANK_001,2025-08-19T23:25:54.793247,7883.179994740755,20.379500134825452,104.44741004013339
TANK_002,2025-08-19T23:25:54.794261,11876.248492347298,24.8695635483117,100.76633276603157
TANK_003,2025-08-19T23:25:54.795336,6288.807042983792,19.826459593168575,99.33366681717325
TANK_001,2025-08-19T23:40:54.793252,7881.863437686576,21.383064880639306,98.00458269425403
TANK_002,2025-08-19T23:40:54.794266,11875.694141988184,9.346819991457384,100.7995197307133
TANK_003,2025-08-19T23:40:54.795341,6287.461758510438,21.1479855698116,104.44101389858444
TANK_001,2025-08-19T23:55:54.793257,7880.69237928609,13.804458561438011,101.20644249973327
TANK_002,2025-08-19T23:55:54.794271,11874.705377199632,20.97465979088989,102.04585417261349
TANK_003,2025-08-19T23:55:54.795346,6285.42890668611,14.10953124818265,97.94903545528602
TANK_001,2025-08-20T00:10:54.793262,7879.656543755605,27.561250044785503,98.57004651212173
TANK_002,2025-08-20T00:10:54.794276,11873.720457299081,30.000518962557656,102.08207993448461
TANK_003,2025-08-20T00:10:54.795352,6283.889737947137,24.551997514237677,101.85685574729935
TANK_001,2025-08-20T00:25:54.793267,7878.263767312907,18.39729546065609,100.86416815140332
TANK_002,2025-08-20T00:25:54.794281,11872.10159062189,23.93373965456849,100.80463022826169
TANK_003,2025-08-20T00:25:54.795357,6282.824225383226,18.109873496600926,99.64846812221738
TANK_001,2025-08-20T00:40:54.793272,7877.068274218808,18.199034524238062,101.46042943976006
TANK_002,2025-08-20T00:40:54.794286,11870.510980818528,23.142306505223633,99.7781035375053
TANK_003,2025-08-20T00:40:54.795362,6281.493830960867,28.162562504291436,104.0893335476086
TANK_001,2025-08-20T00:55:54.793277,7876.25015509369,15.652444660497476,101.07820603210332
TANK_002,2025-08-20T00:55:54.794291,11869.862542511833,16.107119055593007,102.3445435838444
TANK_003,2025-08-20T00:55:54.795367,6280.266051247983,15.804196616688849,101.89903786034063
TANK_001,2025-08-20T01:10:54.793282,7874.416888817263,24.11213543785039,102.69042553355209
TANK_002,2025-08-20T01:10:54.794296,11869.137357378613,23.819942867933946,100.0550816617734
TANK_003,2025-08-20T01:10:54.795372,6279.326519679857,24.722825571362073,102.2969987258154
TANK_001,2025-08-20T01:25:54.793287,7872.511639997695,26.445099337195114,100.97496296535824
TANK_002,2025-08-20T01:25:54.794301,11867.08036621817,12.407050561151802,101.40311747966338
TANK_003,2025-08-20T01:25:54.795377,6277.854477205595,28.078897532072975,102.90351197980459
TANK_001,2025-08-20T01:40:54.793292,7871.700887902896,11.907398874933676,102.22029810801051
TANK_002,2025-08-20T01:40:54.794306,11866.042453643317,18.29085796306681,102.09719151117727
TANK_003,2025-08-20T01:40:54.795382,6275.902745063296,20.489548995956046,103.36050889687418
TANK_001,2025-08-20T01:55:54.793297,7870.901460952928,24.986848147379973,99.22487537798453
TANK_002,2025-08-20T01:55:54.794311,11864.935404341224,24.06702860532503,102.56586374222351
TANK_003,2025-08-20T01:55:54.795386,6274.820014103144,14.439961929039717,99.5954234487361
TANK_001,2025-08-20T02:10:54.793302,7869.556311693281,21.49329740055827,99.71135421158897
TANK_002,2025-08-20T02:10:54.794316,11864.14347767234,12.113541681764257,96.86543113419566
TANK_003,2025-08-20T02:10:54.795391,6273.770675040599,27.838864643302294,95.58053991505125
TANK_001,2025-08-20T02:25:54.793307,7868.43477813836,18.6528156757912,103.38770381269724
TANK_002,2025-08-20T02:25:54.794321,11862.905263225632,18.077793820028518,105.45974870267305
TANK_003,2025-08-20T02:25:54.795396,6272.857270262059,20.575018207013297,100.82575409252645
TANK_001,2025-08-20T02:40:54.793312,7867.536078524866,18.396541539566396,98.7626359720066
TANK_002,2025-08-20T02:40:54.794325,11860.927512275726,28.616906362017367,97.24582893776532
TANK_003,2025-08-20T02:40:54.795402,6270.973257079532,19.54722147989561,102.14835683386207
TANK_001,2025-08-20T02:55:54.793317,7864.910330173343,22.998299166639647,104.21395414737582
TANK_002,2025-08-20T02:55:54.794330,11858.65940334872,22.1447152932506,100.41536846411815
TANK_003,2025-08-20T02:55:54.795406,6270.244697566737,25.63759603687607,101.60929577324728
TANK_001,2025-08-20T03:10:54.793324,7863.402749621957,18.700426300709477,99.76810424667583
TANK_002,2025-08-20T03:10:54.794335,11857.231540476254,22.999941544753177,97.76776337040715
TANK_003,2025-08-20T03:10:54.795412,6269.001827345482,25.73927449125688,99.66728028164208
TANK_001,2025-08-20T03:25:54.793329,7861.493097184846,15.979211338879978,103.67973238677241
TANK_002,2025-08-20T03:25:54.794340,11856.114226911093,18.12421645373515,100.47487239764483
TANK_003,2025-08-20T03:25:54.795417,6267.928367818309,15.949492962910512,103.66744707338827
TANK_001,2025-08-20T03:40:54.793334,7860.295776426987,20.789988438284414,104.96276842677078
TANK_002,2025-08-20T03:40:54.794345,11854.628518170764,16.863962422206168,104.42395956081609
TANK_003,2025-08-20T03:40:54.795422,6266.542961624378,18.391512951750897,101.13394897307626
TANK_001,2025-08-20T03:55:54.793338,7859.2220959784945,21.036835030636468,102.1625220884581
TANK_002,2025-08-20T03:55:54.794350,11853.318584053834,26.78656143223928,100.92066991946969
TANK_003,2025-08-20T03:55:54.795427,6264.915065636706,29.83096683267973,101.09218887290797
TANK_001,2025-08-20T04:10:54.793344,7857.583575148078,27.382018323550326,101.67880490925748
TANK_002,2025-08-20T04:10:54.794355,11852.138868549473,14.748806197304582,103.41814280423527
TANK_003,2025-08-20T04:10:54.795434,6263.240763296614,15.630624228204649,105.87314684232904
TANK_001,2025-08-20T04:25:54.793349,7856.394463731689,20.643553191545422,97.16901319968697
TANK_002,2025-08-20T04:25:54.794360,11850.536810307804,21.66181723686814,103.44057904994717
TANK_003,2025-08-20T04:25:54.795439,6261.831374403124,28.9188442721032,104.88581336125988
TANK_001,2025-08-20T04:40:54.793354,7855.7200673967645,28.80577869271366,98.87482904954908
TANK_002,2025-08-20T04:40:54.794367,11848.910523549814,25.506308915618515,101.92762983367584
TANK_003,2025-08-20T04:40:54.795443,6260.501390155827,13.04660013174233,105.12471971128052
TANK_001,2025-08-20T04:55:54.793359,7853.322100590321,21.041783805723696,101.02988961888812
TANK_002,2025-08-20T04:55:54.794372,11846.600963017956,22.280141209697554,103.4899704932453
TANK_003,2025-08-20T04:55:54.795448,6259.023204664238,24.30689386238448,100.79977000286391
TANK_001,2025-08-20T05:10:54.793364,7851.800938143957,13.289723251492987,100.30112541885424
TANK_002,2025-08-20T05:10:54.794377,11845.047173476381,15.131592828305081,100.49698421208707
TANK_003,2025-08-20T05:10:54.795453,6257.94518339926,28.79266291190911,105.30830030261193
TANK_001,2025-08-20T05:25:54.793369,7850.876518776078,16.59584345794479,101.70067436730758
TANK_002,2025-08-20T05:25:54.794382,11844.071187464386,21.42968819938891,96.5829221385253
TANK_003,2025-08-20T05:25:54.795460,6256.344975565098,14.320249574726745,96.81546173035608
TANK_001,2025-08-20T05:40:54.793374,7849.620240366,21.542174737509754,101.90555465991329
TANK_002,2025-08-20T05:40:54.794388,11842.96228234131,8.426562257002686,103.08498221054249
TANK_003,2025-08-20T05:40:54.795466,6255.620104187974,28.791928620030994,102.29896427723237
TANK_001,2025-08-20T05:55:54.793384,7847.881684971677,16.123240857802447,101.88174198946514
TANK_002,2025-08-20T05:55:54.794393,11841.754951205476,26.04534806963132,98.6120095756276
TANK_003,2025-08-20T05:55:54.795471,6253.924889863702,17.881453158903376,102.0442842892152
TANK_001,2025-08-20T06:10:54.793390,7846.294156715349,19.04610403970427,100.96131896332356
TANK_002,2025-08-20T06:10:54.794398,11840.013679358017,13.44611214934152,101.24787748458516
TANK_003,2025-08-20T06:10:54.795476,6252.217775288267,23.252549164561625,99.74423967874013
TANK_001,2025-08-20T06:25:54.793395,7845.603476776689,19.40098435145034,100.50995327244107
TANK_002,2025-08-20T06:25:54.794403,11837.979257969242,21.129116042116024,102.08189650230324
TANK_003,2025-08-20T06:25:54.795481,6250.532868405348,15.324443684646184,99.9616316135904
TANK_001,2025-08-20T06:40:54.793400,7844.043131043518,22.208331187543468,101.56002252826698
TANK_002,2025-08-20T06:40:54.794408,11835.630416873973,27.30078124284954,100.95784630611773
TANK_003,2025-08-20T06:40:54.795497,6249.737870373288,23.974171421912704,101.38392892870444
TANK_001,2025-08-20T06:55:54.793405,7842.58966516408,17.25588427198425,101.79020700191329
TANK_002,2025-08-20T06:55:54.794413,11834.478721894751,22.83550315696644,101.13278810413993
TANK_003,2025-08-20T06:55:54.795502,6248.994819823232,26.61698678930744,100.71021458189591
TANK_001,2025-08-20T07:10:54.793410,7840.857065847781,18.135398842845056,102.03704116923113
TANK_002,2025-08-20T07:10:54.794418,11833.902606184753,27.914900048961908,100.80280656237416
TANK_003,2025-08-20T07:10:54.795508,6248.090045191611,23.174395258950742,102.23404952916921
TANK_001,2025-08-20T07:25:54.793415,7840.018808036127,21.22379938367844,104.71070435429453
TANK_002,2025-08-20T07:25:54.794423,11832.180843264441,21.164106334880493,101.12506726166856
TANK_003,2025-08-20T07:25:54.795513,6246.462024809248,20.354440760664886,100.08645537399475
TANK_001,2025-08-20T07:40:54.793420,7839.01242283283,21.302746441722917,100.44747966872909
TANK_002,2025-08-20T07:40:54.794428,11831.483644120248,17.801279894063608,101.1498329259829
TANK_003,2025-08-20T07:40:54.795518,6245.377361477389,17.584686327614865,102.96431628269728
TANK_001,2025-08-20T07:55:54.793425,7837.5329936441,21.4228516273787,99.45855967143753
TANK_002,2025-08-20T07:55:54.794433,11831.037826876644,22.445381587514362,100.75139510631999
TANK_003,2025-08-20T07:55:54.795523,6244.4047899382795,24.848274003216346,101.73067341306549
TANK_001,2025-08-20T08:10:54.793430,7836.259117184698,24.06400509696399,99.20948991123467
TANK_002,2025-08-20T08:10:54.794438,11829.150160893014,14.496067763705888,102.65191546090935
TANK_003,2025-08-20T08:10:54.795528,6243.7036847514855,17.08476856457559,99.1215018942957
TANK_001,2025-08-20T08:25:54.793435,7834.690112418006,30.728320014860333,98.16036087743652
TANK_002,2025-08-20T08:25:54.794444,11827.677231477397,14.280394559803629,100.7479815463112
TANK_003,2025-08-20T08:25:54.795533,6241.728580538818,20.815165592617127,100.34723575964257
TANK_001,2025-08-20T08:40:54.793440,7832.323456259148,18.28426360025157,102.13629775707095
TANK_002,2025-08-20T08:40:54.794449,11826.057757615907,27.094607104429116,99.74052098547581
TANK_003,2025-08-20T08:40:54.795538,6239.839249928564,21.283998627591316,98.6684736102341
TANK_001,2025-08-20T08:55:54.793444,7832.223943029365,9.08118553876709,100.18996820148642
TANK_002,2025-08-20T08:55:54.794455,11825.350321776099,23.775688110799194,102.34131877938182
TANK_003,2025-08-20T08:55:54.795543,6238.444969263524,18.555402702605495,99.41749605002973
TANK_001,2025-08-20T09:10:54.793450,7831.316296545436,19.858277465645457,107.78222762423812
TANK_002,2025-08-20T09:10:54.794460,11823.339585248195,17.692975735755706,99.95991555742913
TANK_003,2025-08-20T09:10:54.795548,6238.0208467895145,20.704284198290622,103.58335257011304
TANK_001,2025-08-20T09:25:54.793454,7829.234476104417,14.01522819071854,101.30921311052808
TANK_002,2025-08-20T09:25:54.794464,11823.250906161826,19.3465781387682,103.22097661748394
TANK_003,2025-08-20T09:25:54.795553,6236.503123872351,24.71080799452917,104.43213965210371
TANK_001,2025-08-20T09:40:54.793459,7828.852132376329,27.5320809412269,102.03497421266799
TANK_002,2025-08-20T09:40:54.794469,11822.105562357588,17.158319979590843,103.01155477873937
TANK_003,2025-08-20T09:40:54.795558,6235.141753496863,24.209867139348816,102.53959652837517
TANK_001,2025-08-20T09:55:54.793464,7827.468213795988,21.934408027345775,102.55818285017142
TANK_002,2025-08-20T09:55:54.794474,11820.86258407676,12.646214848409793,103.45605046792683
TANK_003,2025-08-20T09:55:54.795565,6233.614259389868,25.631275271549747,97.85200464230665
TANK_001,2025-08-20T10:10:54.793471,7825.764339792621,19.82844458892018,105.29396488142181
TANK_002,2025-08-20T10:10:54.794479,11820.095535544126,12.958267341487808,100.20490077190532
TANK_003,2025-08-20T10:10:54.795570,6233.575980242038,24.951920563703293,102.30156198008314
TANK_001,2025-08-20T10:25:54.793476,7825.2082306625,19.560545029015564,102.5126638123961
TANK_002,2025-08-20T10:25:54.794484,11818.898409344232,22.256560764177188,99.96344026708927
TANK_003,2025-08-20T10:25:54.795575,6232.3233288271895,13.255276306447104,100.88014732216878
TANK_001,2025-08-20T10:40:54.793481,7823.863821692136,18.968240628202874,101.5010533339672
TANK_002,2025-08-20T10:40:54.794500,11817.422635597119,10.864259513352199,100.72793069911783
TANK_003,2025-08-20T10:40:54.795580,6230.587512489505,23.605060221804102,99.23920843359711
TANK_001,2025-08-20T10:55:54.793506,7822.009256509717,19.628959643830616,99.6649809231015
TANK_002,2025-08-20T10:55:54.794506,11815.890250403567,28.491298625386335,97.91335530695693
TANK_003,2025-08-20T10:55:54.795585,6229.281358059204,24.82026608301001,99.79508503251816
TANK_001,2025-08-20T11:10:54.793512,7820.612928790708,15.699349358658147,104.24507002660647
TANK_002,2025-08-20T11:10:54.794511,11813.944441693528,22.168507802797855,98.93804448708552
TANK_003,2025-08-20T11:10:54.795590,6228.14135332167,18.553748617264652,99.79296175006701
TANK_001,2025-08-20T11:25:54.793517,7819.235941197834,21.54523398399712,101.76103017908912
TANK_002,2025-08-20T11:25:54.794516,11812.108764376802,18.241210756583435,103.32014277217084
TANK_003,2025-08-20T11:25:54.795595,6226.798387312762,21.087736212762188,100.03927154177394
TANK_001,2025-08-20T11:40:54.793522,7817.4235990943025,17.856114308862793,101.81370239741412
TANK_002,2025-08-20T11:40:54.794521,11810.400574914514,17.113924069758188,102.64527067789446
TANK_003,2025-08-20T11:40:54.795600,6225.063782432533,19.34007885413819,100.93955833695591
TANK_001,2025-08-20T11:55:54.793528,7816.616655163206,21.843012119013732,100.83909455346615
TANK_002,2025-08-20T11:55:54.794526,11809.284206258455,16.84980053598423,102.94304020467688
TANK_003,2025-08-20T11:55:54.795605,6223.670403701837,17.126455317223662,102.76615900282125
TANK_001,2025-08-20T12:10:54.793533,7814.61773667341,18.452712881576748,97.88904106153319
TANK_002,2025-08-20T12:10:54.794530,11807.736258336889,31.079901940297603,98.02065196553444
TANK_003,2025-08-20T12:10:54.795610,6222.06299308013,27.03834338555123,101.87352553174375
TANK_001,2025-08-20T12:25:54.793537,7814.077164427294,13.730659903416221,101.7377850462644
TANK_002,2025-08-20T12:25:54.794535,11806.637052660071,8.93123113625412,103.83888145738634
TANK_003,2025-08-20T12:25:54.795615,6220.137278502224,23.608212473748626,99.82329665174521
TANK_001,2025-08-20T12:40:54.793542,7813.1227983997405,29.296530638823167,103.30038682689175
TANK_002,2025-08-20T12:40:54.794540,11805.92661813954,20.18756081906319,99.13428615257051
TANK_003,2025-08-20T12:40:54.795620,6218.0622316864665,18.383178369374228,105.86542060598566
TANK_001,2025-08-20T12:55:54.793547,7812.06673930499,24.04646907142071,105.26942674093144
TANK_002,2025-08-20T12:55:54.794545,11803.909309792136,17.11724705798296,101.49125328697139
TANK_003,2025-08-20T12:55:54.795624,6216.638704348609,15.14039079840363,103.2754503328215
TANK_001,2025-08-20T13:10:54.793552,7811.456378394641,27.337516094657378,103.87205705175957
TANK_002,2025-08-20T13:10:54.794550,11803.01040450299,14.694246573101086,102.88027222771458
TANK_003,2025-08-20T13:10:54.795629,6215.145972632676,12.56605161479171,99.65459709732735
TANK_001,2025-08-20T13:25:54.793557,7809.834989573222,24.68612920896312,101.97314703438698
TANK_002,2025-08-20T13:25:54.794555,11801.115618701388,11.336705700735232,105.15966443128106
TANK_003,2025-08-20T13:25:54.795634,6213.995254091363,17.881962841015408,104.90227595589492
TANK_001,2025-08-20T13:40:54.793563,7809.499880730916,19.695854277961672,96.10386237931056
TANK_002,2025-08-20T13:40:54.794560,11799.60117431131,21.247472199350455,103.28249587843291
TANK_003,2025-08-20T13:40:54.795639,6212.619996855251,23.048688493650854,103.52681830643574
TANK_001,2025-08-20T13:55:54.793570,7808.257103881215,28.782756753018752,98.87914922330782
TANK_002,2025-08-20T13:55:54.794565,11798.611466285181,21.278190090398486,101.60251741944911
TANK_003,2025-08-20T13:55:54.795644,6211.291763958407,25.391025528075055,101.2315084297154
TANK_001,2025-08-20T14:10:54.793575,7806.246325638434,11.669172883151777,103.64572837237857
TANK_002,2025-08-20T14:10:54.794570,11796.876465004534,22.76455623130851,104.08808590695557
TANK_003,2025-08-20T14:10:54.795649,6210.879440552209,15.324329189089855,98.91490615173012
TANK_001,2025-08-20T14:25:54.793580,7804.463101136413,21.68402942737056,104.44413485223977
TANK_002,2025-08-20T14:25:54.794575,11795.799662958234,14.301869037354546,99.16478900216121
TANK_003,2025-08-20T14:25:54.795654,6209.590065272367,24.106488222926096,101.11140235985184
TANK_001,2025-08-20T14:40:54.793585,7803.596154597909,29.125471465723436,101.32231413146731
TANK_002,2025-08-20T14:40:54.794580,11794.684124570831,15.355634247828398,99.07930834264153
TANK_003,2025-08-20T14:40:54.795659,6207.497720240694,22.734957939521234,98.00483031402767
TANK_001,2025-08-20T14:55:54.793590,7802.519098115093,10.93324219234174,98.54207587899602
TANK_002,2025-08-20T14:55:54.794585,11793.603402408184,24.17054358958663,102.21617633858307
TANK_003,2025-08-20T14:55:54.795667,6205.866439975861,19.406515829765315,99.58154056648236
TANK_001,2025-08-20T15:10:54.793595,7801.312147136256,23.111694856885045,99.16902036733225
TANK_002,2025-08-20T15:10:54.794590,11792.865494082542,20.998154877093615,99.22992077183328
TANK_003,2025-08-20T15:10:54.795672,6204.577193140977,20.97272114443582,100.44101566544471
TANK_001,2025-08-20T15:25:54.793600,7800.629312415713,18.368022379348496,102.57804012739206
TANK_002,2025-08-20T15:25:54.794595,11791.603387437355,30.905637503343904,100.28882213597782
TANK_003,2025-08-20T15:25:54.795677,6202.707804318449,21.568621298361222,101.66320583890952
TANK_001,2025-08-20T15:40:54.793605,7799.7701417836,11.858313656913285,101.46792301840694
TANK_002,2025-08-20T15:40:54.794600,11790.485120832755,8.42379239140621,99.87607622417771
TANK_003,2025-08-20T15:40:54.795682,6201.6434091783485,19.627087531906536,100.62451038630452
TANK_001,2025-08-20T15:55:54.793610,7798.34594259043,13.297709402096595,96.8665051995454
TANK_002,2025-08-20T15:55:54.794605,11789.29111325603,16.46508736568767,97.76890996231461
TANK_003,2025-08-20T15:55:54.795687,6200.717454112062,14.415917232829475,100.67559270639772
TANK_001,2025-08-20T16:10:54.793615,7796.772143101041,22.924659267325268,99.06346477757643
TANK_002,2025-08-20T16:10:54.794610,11787.589340681216,18.121540512337187,102.01400070494786
TANK_003,2025-08-20T16:10:54.795692,6199.907735206104,12.937811775484043,101.6667484261371
TANK_001,2025-08-20T16:25:54.793620,7795.24137331511,10.676154306580388,102.38674941323148
TANK_002,2025-08-20T16:25:54.794615,11785.906715870211,22.71364910125,101.47727252614233
TANK_003,2025-08-20T16:25:54.795696,6199.097012690867,15.975286759532,104.16073653015668
TANK_001,2025-08-20T16:40:54.793625,7794.614623185445,23.525071596092452,98.52792538956908
TANK_002,2025-08-20T16:40:54.794620,11784.877408162343,16.19054145157314,97.37074228980514
TANK_003,2025-08-20T16:40:54.795701,6198.479587477298,16.859165043423012,100.91344227322855
TANK_001,2025-08-20T16:55:54.793630,7793.93990335472,15.38524186227018,103.5499072479568
TANK_002,2025-08-20T16:55:54.794625,11784.17314992206,18.312061283264043,99.78416987359425
TANK_003,2025-08-20T16:55:54.795706,6197.462430156272,14.782239642883724,101.79194839684253
TANK_001,2025-08-20T17:10:54.793635,7793.723803771929,15.255991195078305,99.1504605483822
TANK_002,2025-08-20T17:10:54.794630,11782.891924608251,19.56297965512645,100.02604042338466
TANK_003,2025-08-20T17:10:54.795711,6196.76540354015,17.16222899052004,101.27376837525365
TANK_001,2025-08-20T17:25:54.793640,7791.464935610955,22.833185495514247,101.02586479158388
TANK_002,2025-08-20T17:25:54.794635,11781.983099793804,13.99141350660815,99.11572584418465
TANK_003,2025-08-20T17:25:54.795716,6196.253331757295,22.41904795417743,101.24283705029951
TANK_001,2025-08-20T17:40:54.793645,7790.844673254407,18.10275012170233,100.7643269097785
TANK_002,2025-08-20T17:40:54.794640,11780.963238277121,21.50813407953371,102.57790342883602
TANK_003,2025-08-20T17:40:54.795721,6194.198744055654,19.582969107157172,101.69146132824403
TANK_001,2025-08-20T17:55:54.793650,7790.844673254407,19.56112181966268,97.6654845471771
TANK_002,2025-08-20T17:55:54.794645,11778.702955213603,11.848499168250012,102.22279654158376
TANK_003,2025-08-20T17:55:54.795726,6193.652198355808,4.598574550728518,101.77222494305505
TANK_002,2025-08-20T17:55:54.795853,11745.530287881696,22.965861896574133,103.90197412318734
TANK_001,2025-08-20T18:10:54.793655,7789.280031145534,14.169288292605415,103.52849043649334
TANK_002,2025-08-20T18:10:54.794649,11778.351506781863,14.543322480289417,99.35581846654247
TANK_003,2025-08-20T18:10:54.795731,6192.352268526997,17.970367139118093,102.43119915732139
TANK_002,2025-08-20T18:10:54.795860,11739.280287881696,16.913619209157428,99.15320034108015
TANK_001,2025-08-20T18:25:54.793660,7787.981318522839,23.00285241839581,99.14144851405808
TANK_002,2025-08-20T18:25:54.794654,11777.267439736494,14.78905818874002,103.12381236914875
TANK_003,2025-08-20T18:25:54.795736,6191.652334090559,20.763304304540977,98.96154925421405
TANK_002,2025-08-20T18:25:54.795866,11733.030287881696,20.553798688443226,102.45642926465658
TANK_001,2025-08-20T18:40:54.793665,7786.3497205085805,21.642345365915634,102.07561332277216
TANK_002,2025-08-20T18:40:54.794659,11775.765582134556,19.64297176509979,95.77419545268411
TANK_003,2025-08-20T18:40:54.795741,6189.938330704739,32.9070234791385,104.25997715554946
TANK_002,2025-08-20T18:40:54.795871,11726.780287881696,24.971905981787433,100.46677897674638
TANK_001,2025-08-20T18:55:54.793670,7785.180061811361,13.219909138489383,100.8730791216836
TANK_002,2025-08-20T18:55:54.794664,11775.056732294059,11.909908640381756,105.99708935127072
TANK_003,2025-08-20T18:55:54.795746,6188.4187355862505,30.92125445700336,101.82308175824473
TANK_002,2025-08-20T18:55:54.795875,11720.530287881696,25.878651420101036,99.37272424292387
TANK_001,2025-08-20T19:10:54.793675,7783.183477548978,31.2593575610225,102.43701188525634
TANK_002,2025-08-20T19:10:54.794672,11773.510072510151,24.62406286398344,101.97957254921506
TANK_003,2025-08-20T19:10:54.795751,6187.378483414806,15.960697176618233,100.86594231687071
TANK_002,2025-08-20T19:10:54.795880,11714.280287881696,15.326730507343402,98.83274023670056
TANK_001,2025-08-20T19:25:54.793680,7782.643789064472,17.572025589470947,101.6799996604786
TANK_002,2025-08-20T19:25:54.794677,11772.478825654456,32.19014564037544,103.69460298597131
TANK_003,2025-08-20T19:25:54.795756,6185.869218764118,28.357021375032584,102.62133044134342
TANK_002,2025-08-20T19:25:54.795886,11708.030287881696,25.912080320584145,101.83853440888088
TANK_001,2025-08-20T19:40:54.793685,7780.9848395890685,31.071323246756407,100.34669569058961
TANK_002,2025-08-20T19:40:54.794682,11771.025596791305,15.78848235687043,104.44135978340955
TANK_003,2025-08-20T19:40:54.795761,6184.754951630584,10.728785796773789,98.77839579729593
TANK_002,2025-08-20T19:40:54.795890,11701.780287881696,22.810548262922847,101.43031576535789
TANK_001,2025-08-20T19:55:54.793689,7779.476751824042,15.716332092649893,103.79114656219996
TANK_002,2025-08-20T19:55:54.794687,11769.433433020291,19.00978631127203,99.9769360734929
TANK_003,2025-08-20T19:55:54.795766,6184.754951630584,17.977708183772936,103.51679464167907
TANK_002,2025-08-20T19:55:54.795894,11695.530287881696,17.276747102030626,98.11805495530035
TANK_001,2025-08-20T20:10:54.793694,7778.273418393695,17.070963607483492,99.62352799177938
TANK_002,2025-08-20T20:10:54.794692,11767.94175731349,20.4877839015283,102.1449953227524
TANK_003,2025-08-20T20:10:54.795771,6183.837406767032,17.990767634144966,99.97714339146738
TANK_002,2025-08-20T20:10:54.795898,11689.280287881696,22.999986579674115,100.39687592036472
TANK_001,2025-08-20T20:25:54.793699,7776.933824304838,14.305275044913571,101.0738375500988
TANK_002,2025-08-20T20:25:54.794697,11767.105991901068,21.797457656068676,99.29938906013848
TANK_003,2025-08-20T20:25:54.795778,6183.640460990712,21.33538223901061,99.81097130712313
TANK_002,2025-08-20T20:25:54.795902,11683.030287881696,24.184984829473567,98.8685313345756
TANK_001,2025-08-20T20:40:54.793704,7776.291084934559,21.778905743431068,103.95076369011984
TANK_002,2025-08-20T20:40:54.794702,11765.46565484602,7.550159346683923,105.80044579746865
TANK_003,2025-08-20T20:40:54.795783,6182.066413860864,22.154521688938694,101.77977212817402
TANK_002,2025-08-20T20:40:54.795906,11676.780287881696,15.40918999075787,101.42636390604432
TANK_001,2025-08-20T20:55:54.793709,7774.515850931693,15.026864186304568,102.98089008367012
TANK_002,2025-08-20T20:55:54.794707,11764.601833449588,19.69328915566916,101.1208307904447
TANK_003,2025-08-20T20:55:54.795788,6180.483802124627,28.602066234612145,102.7739135863338
TANK_002,2025-08-20T20:55:54.795910,11670.530287881696,18.28093990581432,99.88237606406268
TANK_001,2025-08-20T21:10:54.793715,7772.47914093977,14.98968819366171,102.7297552502613
TANK_002,2025-08-20T21:10:54.794712,11764.026360280408,18.33252728749633,100.23857342736629
TANK_003,2025-08-20T21:10:54.795793,6178.42622266011,15.606302408898951,99.81759166540445
TANK_002,2025-08-20T21:10:54.795915,11664.280287881696,16.824813396585487,99.2244104300077
TANK_001,2025-08-20T21:25:54.793719,7770.382949154784,18.249660762560094,101.9769349349693
TANK_002,2025-08-20T21:25:54.794717,11762.791849731608,22.797360264066292,96.9862092949093
TANK_003,2025-08-20T21:25:54.795800,6176.976573797173,28.969232141693833,99.35626615281103
TANK_002,2025-08-20T21:25:54.795919,11658.030287881696,24.443439812402666,100.38282955664963
TANK_001,2025-08-20T21:40:54.793725,7770.227426437523,26.070678789069156,103.8696707452564
TANK_002,2025-08-20T21:40:54.794723,11761.389773436988,16.849203477538975,100.5662531815574
TANK_003,2025-08-20T21:40:54.795805,6175.887980103134,11.008822281492858,103.8878225672867
TANK_002,2025-08-20T21:40:54.795923,11651.780287881696,24.562499475007364,101.01447561657733
TANK_001,2025-08-20T21:55:54.793732,7768.765528815884,22.781318743662542,103.45784822927209
TANK_002,2025-08-20T21:55:54.794728,11759.841057687021,19.033686747049654,99.0968486672053
TANK_003,2025-08-20T21:55:54.795809,6174.438432929035,15.973501366990998,99.31045224490244
TANK_002,2025-08-20T21:55:54.795927,11645.530287881696,18.54916245800691,100.27487655861721
TANK_001,2025-08-20T22:10:54.793737,7766.970168653183,23.94853453193562,99.93480651570833
TANK_002,2025-08-20T22:10:54.794733,11758.126217082663,13.522357712972271,101.51302103000053
TANK_003,2025-08-20T22:10:54.795814,6172.822957500257,17.31509421732717,102.61933716189738
TANK_002,2025-08-20T22:10:54.795931,11639.280287881696,19.285092233249177,99.19314608703405
TANK_001,2025-08-20T22:25:54.793742,7765.285482339755,24.52955629615791,105.79863775111806
TANK_002,2025-08-20T22:25:54.794738,11757.699533502173,6.8264393010157,97.60676000022275
TANK_003,2025-08-20T22:25:54.795819,6171.160298806882,15.404438017482603,102.80890365339074
TANK_002,2025-08-20T22:25:54.795935,11633.030287881696,17.18833098971213,100.50096109977738
TANK_001,2025-08-20T22:40:54.793747,7763.377978527113,30.161304181131598,103.22585026869639
TANK_002,2025-08-20T22:40:54.794743,11755.847598616188,19.262561440508236,104.38427798534437
TANK_003,2025-08-20T22:40:54.795824,6169.873973806614,13.998130326033241,101.0196718044445
TANK_002,2025-08-20T22:40:54.795939,11626.780287881696,19.958923629220436,99.60866100243808
TANK_001,2025-08-20T22:55:54.793752,7762.340859577711,14.993481914542084,99.31214369951233
TANK_002,2025-08-20T22:55:54.794748,11755.000786379236,13.4980439148252,99.77492958790852
TANK_003,2025-08-20T22:55:54.795829,6168.830167054015,18.207426949102135,100.43971632884112
TANK_002,2025-08-20T22:55:54.795943,11620.530287881696,16.902426932251764,102.80283642364344
TANK_001,2025-08-20T23:10:54.793757,7761.344939837209,27.61829673382331,100.24598493963202
TANK_002,2025-08-20T23:10:54.794753,11753.958225227567,16.482660270704564,102.78765591038334
TANK_003,2025-08-20T23:10:54.795834,6167.591556219806,32.96721657212056,97.58268283638141
TANK_002,2025-08-20T23:10:54.795947,11614.280287881696,18.901193890026583,99.94191751903621
TANK_001,2025-08-20T23:25:54.793762,7759.581957627554,17.520130467262476,106.35176043827607
TANK_002,2025-08-20T23:25:54.794758,11753.074713300915,17.36365560516933,102.08572501552304
TANK_003,2025-08-20T23:25:54.795839,6167.052736536369,19.636892512980406,98.79482389583646
TANK_002,2025-08-20T23:25:54.795951,11608.030287881696,18.325628910960358,99.44320803775244
TANK_001,2025-08-20T23:40:54.793767,7757.056297064662,14.908663689267588,99.03141623408547
TANK_002,2025-08-20T23:40:54.794763,11751.780287881696,15.27632667928387,103.19791605134817
TANK_003,2025-08-20T23:40:54.795844,6166.06226277122,26.115952130966413,101.41391200139785
TANK_002,2025-08-20T23:40:54.795955,11601.780287881696,23.788479822966067,100.79503210004836
